,Hospital Mortality,Age,Gender,Uncomplicated Hypertension,Complicated Hypertension,Uncomplicated Diabetes,Complicated Diabetes,Malignancy,Hematologic Disease,Metastasis,Peripheral Vascular Disease,Hypothyroidism,Chronic Heart Failure,Stroke,Liver Disease,SAPS II,SOFA,OASIS,Sepsis,Any Organ Failure,Severe Respiratory Failure,Severe Coagulation Failure,Severe Liver Failure,Severe Cardiovascular Failure,Severe Central Nervous System Failure,Severe Renal Failure,Respiratory Dysfunction,Cardiovascular Dysfunction,Renal Dysfunction,Hematologic Dysfunction,Metabolic Dysfunction,Neurologic Dysfunction,Max Heart Rate,Min Heart Rate,Mean Heart Rate,Max MAP,Min MAP,Mean MAP,Max Systolic Pressure,Min Systolic Pressure,Mean Systolic Pressure,Max Diastolic Pressure,Min Diastolic Pressure,Mean Diastolic Pressure,Max Temperature,Min Temperature,Mean Temperature,Max Lactate,Min Lactate,Mean Lactate,Max pH,Min pH,Mean pH,Max Glucose,Min Glucose,Mean Glucose,Max WBC,Min WBC,Mean WBC,Max BUN,Min BUN,Mean BUN,Max Creatinine,Min Creatinine,Mean Creatinine,Max Hemoglobin,Min Hemoglobin,Mean Hemoglobin,Ventilation Duration (h),RRT
Hospital Mortality,1,0.134307945,-0.048385583,-0.067998249,0.03670341,-0.01341926,-0.013970827,0.106121288,0.112670421,0.103559162,-0.016874118,-0.012961673,0.038039901,0.052767125,0.150550371,0.375697694,0.275699491,0.33424271,0.228080047,0.228197043,0.140564093,0.08567704,0.119675243,0.251011821,0.074335342,0.193776716,0.21701853,0.24763481,0.211126088,0.124937055,0.150739619,0.069566105,0.157900037,-0.021205328,0.104035163,0.026171158,-0.172329228,-0.066450063,0.010192489,-0.157695665,-0.071734821,0.041019948,-0.158902384,-0.048669796,-0.062891244,-0.086290362,-0.103253783,0.273943619,0.318968746,0.315506214,-0.16645113,-0.183035266,-0.203472815,0.111212444,0.171207775,0.175116538,0.090833435,0.10057943,0.097197958,0.243591716,0.250048815,0.248641785,0.149937371,0.146833916,0.149636551,-0.07914817,0.061379828,0.022317832,0.134885946,0.082430548
Age,0.134307945,1,-0.097087844,0.262645659,0.135483988,0.13643437,0.036340159,0.066610745,0.016892198,0.034851262,0.121174535,0.111840663,0.239570752,0.058357304,-0.113826826,0.449638978,0.126337294,0.243830976,0.013303905,0.082192146,-0.036029707,-0.026586251,-0.055266867,0.064663847,0.040314908,0.013496405,0.004501213,0.062395979,0.123977148,0.011663505,-0.006491225,0.004479389,-0.200368142,-0.242533069,-0.254434154,-0.023089121,-0.181781237,-0.211342415,0.087173238,-0.15321602,-0.020396334,-0.158650424,-0.265681197,-0.350747628,-0.152091884,-0.133051486,-0.175809125,-0.048582361,-0.037104027,-0.044175221,0.105986408,0.052705233,0.076254659,0.071784803,0.051272416,0.097163366,-0.02196481,0.020920772,-0.000962843,0.196253296,0.220913249,0.209318012,0.031671895,0.051305568,0.041845091,-0.176703985,-0.193096289,-0.212374229,-0.01650206,-0.023233313
Gender,-0.048385583,-0.097087844,1,-0.003697745,0.026800821,0.004794718,-0.004868662,-0.022050073,-0.029154085,-0.038851481,0.012152832,-0.172950009,-0.044298648,-0.023536139,0.030320537,-0.073784013,0.039146952,-0.107971193,-0.0258535,-0.052888149,0.014457024,-0.011462411,0.007595567,-0.007524116,0.004258786,0.006057432,-0.072034515,-0.032843211,0.00865098,-0.006881809,-0.037871104,0.014342759,-0.049091414,-0.028603347,-0.042817167,-0.033538015,0.059875734,0.002629797,-0.024751489,0.001970207,-0.026734179,-0.016949937,0.10948594,0.072981532,0.040337903,0.026895517,0.037872342,-0.002358241,-0.005440563,-0.006084359,-0.039470851,-0.008529126,-0.015005621,-0.032339969,-0.038620057,-0.043070373,-0.016609544,-0.026598765,-0.022527952,0.03254,0.039533724,0.036809805,0.089684789,0.095232647,0.092923984,0.242782913,0.154055245,0.188517022,-0.038473004,0.002735308
Uncomplicated Hypertension,-0.067998249,0.262645659,-0.003697745,1,-0.264227133,0.169505916,-0.032351364,-0.036271134,-0.051887562,-0.034808274,0.054560969,0.042955962,-0.031528116,0.03794841,-0.094829596,-7.88E-05,-0.072377642,-0.046257593,-0.104643204,-0.164288982,-0.045775448,-0.028371387,-0.05250854,-0.060343537,0.03227817,-0.121897704,-0.102093864,-0.076020174,-0.179109195,-0.04613187,-0.062490574,-0.005351991,-0.134316319,-0.103672338,-0.124899359,0.016800438,0.000385151,-0.002400754,0.081751528,-0.003458166,0.059232076,-0.02633421,0.001608475,-0.041489478,-0.025006982,-0.01877909,-0.02656924,-0.07087547,-0.076550879,-0.078424042,0.100052629,0.071520851,0.09319929,0.032360398,0.002413109,0.031449108,-0.034022408,-0.012486417,-0.02328255,-0.116475647,-0.104528003,-0.111732168,-0.155304174,-0.149831696,-0.153988541,0.055794945,-0.059846152,-0.032718341,-0.11314569,-0.107178443
Complicated Hypertension,0.03670341,0.135483988,0.026800821,-0.264227133,1,0.047026604,0.235863374,0.005070603,0.0476804,-0.016666503,0.094109869,0.038456894,0.165049846,0.024891512,0.008434519,0.176365129,0.162322788,0.092523466,0.052328634,0.26459062,0.022023077,-0.010250903,-0.001970738,0.039572977,0.004850306,0.27410178,0.065295681,0.061272546,0.467719291,0.037680054,0.073304171,0.044799001,-0.060611477,-0.068017923,-0.082461136,-0.007558834,-0.036623399,-0.046717056,0.046650287,0.007187253,0.03550101,-0.008984131,-0.054177796,-0.068225445,-0.066728068,-0.0333188,-0.076594062,-0.016294981,-0.042465894,-0.027202507,-0.039654372,-0.033194532,-0.04896652,0.021191471,-0.01054259,0.01704245,0.006809732,-0.000870392,0.003067392,0.319579887,0.325074575,0.326212262,0.420165565,0.441630128,0.436557947,-0.145274546,-0.080907674,-0.115966459,0.027997031,0.267160516
Uncomplicated Diabetes,-0.01341926,0.13643437,0.004794718,0.169505916,0.047026604,1,-0.118068815,-0.022832975,0.002413244,-0.034581217,0.02519052,0.036055328,0.085306125,0.022358804,0.001499092,0.059279664,0.037205564,0.021048441,0.005549139,0.006046097,-0.002748527,-0.013819549,-0.016419755,0.009269849,0.028401241,-0.015047611,-0.01334358,0.014188784,0.046222313,-0.003615953,-0.008373015,0.000946357,-0.052174104,-0.016919608,-0.038117643,-0.037367424,-0.03963151,-0.073087176,0.044226021,-0.004356414,0.022790512,-0.062316394,-0.061722487,-0.105169554,-0.010166742,0.015706014,-0.004938025,-0.013460934,-0.013896279,-0.015908007,0.013191649,0.007914016,0.007350524,0.193065558,0.130580912,0.238251428,-0.005824569,0.004720223,3.57E-07,0.069675025,0.080350757,0.076032152,0.008911262,0.015493707,0.012269269,-0.058550977,-0.062881785,-0.071044821,-0.013114304,-0.010619654
Complicated Diabetes,-0.013970827,0.036340159,-0.004868662,-0.032351364,0.235863374,-0.118068815,1,-0.018904146,-0.001938885,-0.023619448,0.093177091,0.027000051,0.107664663,0.020207961,-0.006010298,0.060954035,0.057860758,0.020946065,0.012033558,0.093965806,0.001020943,-0.010231068,-0.007132043,0.016284528,0.00946333,0.115941167,0.014965447,0.017131995,0.167192764,-0.002995318,0.016038905,0.024499323,-0.05211464,-0.020250689,-0.040839759,-0.010029967,-0.026006017,-0.044536615,0.039306185,0.001327347,0.028889386,-0.043899452,-0.047065123,-0.076308442,-0.019405067,-0.004209184,-0.02494633,-0.026547811,-0.03702562,-0.033476552,-0.012738546,-0.016480035,-0.019741009,0.114620825,0.002691885,0.106398415,0.004699564,0.002697996,0.004688278,0.157451538,0.157615754,0.159462626,0.186819971,0.194269958,0.192244215,-0.097603281,-0.069299781,-0.088704043,-0.006206833,0.123973151
Malignancy,0.106121288,0.066610745,-0.022050073,-0.036271134,0.005070603,-0.022832975,-0.018904146,1,0.114859667,0.620115871,-0.04001529,0.011838077,-0.017762532,-0.003530734,0.038841252,0.190847631,0.047466879,0.068868802,0.077302867,0.100893077,0.014667564,0.055207284,0.026485833,0.038673489,-0.010336505,0.014514301,0.091757371,0.054136897,0.066469355,0.05171871,0.028957194,0.01238184,0.072549473,0.056832642,0.065581708,0.00055626,-0.016140673,-0.011250265,-0.005510977,-0.01542233,-0.021821172,0.014779294,-0.009999966,0.003269137,-0.03636277,0.011707613,-0.029715943,0.006349109,0.0204983,0.015201213,-0.043506565,0.004241296,-0.017358018,-0.022078762,0.043188168,0.004905758,0.049234453,0.056674091,0.052881466,0.074639612,0.076471108,0.076443113,0.006138807,0.005030024,0.006248218,-0.147119867,-0.035422851,-0.082121765,0.01068581,-0.015381049
Hematologic Disease,0.112670421,0.016892198,-0.029154085,-0.051887562,0.0476804,0.002413244,-0.001938885,0.114859667,1,0.009917175,0.017347993,0.023781572,0.060728571,0.004779158,0.244827177,0.181122573,0.26219186,0.108632324,0.199843203,0.333718655,0.086672391,0.08013197,0.109811335,0.128681388,0.002084986,0.08661749,0.155953642,0.18941166,0.217986714,0.825982203,0.126870884,0.051953581,0.078927618,0.07535665,0.083950209,-0.005564038,-0.054926943,-0.045661337,-0.044664616,-0.055611376,-0.066871663,0.004374471,-0.03645153,-0.012864527,-0.030341101,-0.042802347,-0.052899614,0.13780641,0.10020138,0.13465046,-0.051592923,-0.09314005,-0.090325464,0.031148792,-0.027463798,0.010647526,0.007898558,-0.036766507,-0.013653834,0.161191391,0.152698476,0.158203449,0.116722438,0.100606865,0.109574244,-0.140600706,-0.107697426,-0.12490725,0.13393396,0.080417021
Metastasis,0.103559162,0.034851262,-0.038851481,-0.034808274,-0.016666503,-0.034581217,-0.023619448,0.620115871,0.009917175,1,-0.035706382,0.008317001,-0.045320415,-0.001565678,-0.01483912,0.161440511,0.000630178,0.048388815,0.043063573,0.04872633,0.004738803,0.005755393,0.010492196,0.023762026,-0.016780374,0.012923949,0.056135575,0.026476207,0.022580807,0.012710193,0.021519261,-0.00926688,0.065006507,0.056317499,0.067395635,0.004760968,-0.016286195,-0.013284054,-0.012209539,-0.026269381,-0.036181869,0.014337032,-0.013508237,0.00031306,-0.045652739,0.004821434,-0.03294398,0.006084116,0.026158052,0.016132188,-0.048734688,-0.001994947,-0.026440286,-0.032455774,0.037227516,-0.010395573,-0.005023678,0.014324212,0.003396463,0.018912067,0.025694167,0.022301855,-0.013265437,-0.013349893,-0.013174403,-0.105584886,-0.013671864,-0.049755096,-0.005364924,-0.023483894
Peripheral Vascular Disease,-0.016874118,0.121174535,0.012152832,0.054560969,0.094109869,0.02519052,0.093177091,-0.04001529,0.017347993,-0.035706382,1,0.011702436,0.071937869,0.082746274,-0.032082623,0.051116477,0.04874394,-0.013318951,-0.019404873,0.008277008,-0.001448542,-0.014720087,-0.014190679,0.016782844,0.018968527,0.016897764,-0.05524465,0.001275371,0.051274514,0.016556577,-0.001618496,0.005301237,-0.070183829,-0.051666697,-0.066040674,-0.039160675,-0.043662523,-0.077491871,0.003150399,-0.039553017,-0.017509953,-0.078215297,-0.053032177,-0.101965474,-0.025562577,-0.049798577,-0.040034606,0.012675732,-0.040840716,-0.008402471,0.049440889,-0.021713259,0.003586947,0.016560122,-0.050695091,-0.005931426,0.001845031,-0.004580087,-0.000764496,0.02742112,0.030694203,0.028574184,0.024060625,0.027984966,0.026341466,-0.025359664,-0.099320203,-0.082084773,-0.004227863,0.033217925
Hypothyroidism,-0.012961673,0.111840663,-0.172950009,0.042955962,0.038456894,0.036055328,0.027000051,0.011838077,0.023781572,0.008317001,0.011702436,1,0.035187108,0.014734888,-0.017002448,0.046609952,-0.001141928,0.016372633,0.009475898,0.036744277,-0.005314137,-0.011465747,-0.013135469,-0.002415783,0.010039818,0.001230882,0.01518102,0.009988075,0.032390836,0.010514322,0.008120373,0.019905447,-0.052788665,-0.040343457,-0.054208971,-0.003218488,-0.035667461,-0.040125851,0.00080272,-0.024309922,-0.010332718,-0.005673073,-0.042448052,-0.046128374,-0.035536634,-0.017323858,-0.037361838,-0.03275835,-0.023689604,-0.031993184,0.025028439,0.027612849,0.025652477,-0.014857551,-0.012886358,-0.015352654,0.000945781,0.004259524,0.003166859,0.015744594,0.018503913,0.017018714,-0.007284509,-0.004709586,-0.005756399,-0.071406746,-0.05634923,-0.067630176,-0.013373033,0.00643795
Chronic Heart Failure,0.038039901,0.239570752,-0.044298648,-0.031528116,0.165049846,0.085306125,0.107664663,-0.017762532,0.060728571,-0.045320415,0.071937869,0.035187108,1,0.00480155,-0.025685185,0.174635434,0.149826121,0.096040677,0.0795593,0.18415742,0.032778916,-0.003443989,-0.029847497,0.108800071,-0.005262923,0.053337852,0.11610591,0.123835185,0.21450961,0.048346982,0.024126718,0.025343218,-0.019679465,-0.019396932,-0.03331812,-0.029700229,-0.085887346,-0.108572312,-0.034556462,-0.073370114,-0.062878745,-0.063681862,-0.126191303,-0.137106047,-0.034365909,-0.00235049,-0.032520142,-0.026853545,-0.040345697,-0.036277284,0.010150656,-0.036529069,-0.020271094,0.063853243,0.028218667,0.075944014,0.02370123,0.026220862,0.026943404,0.212424017,0.224047608,0.220077368,0.129163555,0.139788769,0.13587772,-0.120650843,-0.057272434,-0.090834497,0.074948801,0.055569036
Stroke,0.052767125,0.058357304,-0.023536139,0.03794841,0.024891512,0.022358804,0.020207961,-0.003530734,0.004779158,-0.001565678,0.082746274,0.014734888,0.00480155,1,-0.006072723,0.045987964,0.003032781,0.038797217,0.001936618,0.027900801,0.002476954,0.010777953,-0.013575946,-0.011246385,0.02697296,-0.013314305,0.021870045,-0.008819623,0.015020637,0.016030968,-0.014592693,0.050088238,-0.026642792,-0.04680644,-0.045536913,0.031022244,-0.01179884,0.036641846,0.077836387,0.028127094,0.074230885,0.024186447,-0.001543911,0.00928902,0.000371498,-0.002114015,0.000888367,-0.007991831,-0.016955581,-0.013807857,0.053397829,0.037306989,0.050886625,0.010522881,0.015630223,0.015475511,0.001361602,-0.000597576,0.000151267,0.002725277,0.001310214,0.001644731,-0.008620793,-0.008221183,-0.00829703,0.004500738,0.010296193,0.009482967,0.058196632,-0.011038038
Liver Disease,0.150550371,-0.113826826,0.030320537,-0.094829596,0.008434519,0.001499092,-0.006010298,0.038841252,0.244827177,-0.01483912,-0.032082623,-0.017002448,-0.025685185,-0.006072723,1,0.139169467,0.281550371,0.094178185,0.176913058,0.201513017,0.082812714,0.053392987,0.262383239,0.099156339,0.011063016,0.123819911,0.149334565,0.164502777,0.208422707,0.240933012,0.127151991,0.051657648,0.086477775,0.086957424,0.104073768,8.45E-05,-0.007628308,0.012327611,-0.035321153,-0.009927602,-0.029209746,0.023276162,0.025066475,0.058893984,-0.034287281,0.001658446,-0.03238153,0.207850497,0.166472391,0.213734734,-0.068987272,-0.076573125,-0.086072886,0.028184714,-0.011326061,0.019819553,-0.012867341,-0.045623337,-0.02846698,0.155473123,0.139908695,0.150037527,0.131320006,0.109017896,0.121346441,-0.078912552,-0.029847941,-0.040275119,0.099288244,0.109123989
SAPS II,0.375697694,0.449638978,-0.073784013,-7.88E-05,0.176365129,0.059279664,0.060954035,0.190847631,0.181122573,0.161440511,0.051116477,0.046609952,0.174635434,0.045987964,0.139169467,1,0.685872503,0.671226374,0.281483161,0.33492828,0.234643682,0.083584908,0.134695793,0.371903449,0.444206124,0.299740894,0.229234435,0.308001504,0.376332017,0.171579171,0.194310959,0.070977436,0.157785996,-0.066340311,0.069328924,0.052588098,-0.359670439,-0.235152701,0.023999633,-0.409953462,-0.216731927,-0.019151473,-0.34133382,-0.241221713,-0.065818645,-0.14458763,-0.140247076,0.278521736,0.220759029,0.280421801,-0.133129099,-0.292044326,-0.271433653,0.186032323,0.055817692,0.183784825,0.158561119,0.099797653,0.136508406,0.460371184,0.439965104,0.454277574,0.33932374,0.306807739,0.327111746,-0.160876864,-0.154880109,-0.1559665,0.166179744,0.177650478
SOFA,0.275699491,0.126337294,0.039146952,-0.072377642,0.162322788,0.037205564,0.057860758,0.047466879,0.26219186,0.000630178,0.04874394,-0.001141928,0.149826121,0.003032781,0.281550371,0.685872503,1,0.461678455,0.32786402,0.326541586,0.376036995,0.150905974,0.236139671,0.537549698,0.300572531,0.357301982,0.212502188,0.354051968,0.41125678,0.281109648,0.219318186,0.048865594,0.160717334,0.064754923,0.15109028,0.01501955,-0.305562754,-0.24295959,-0.075989508,-0.342248957,-0.278540151,-0.058783296,-0.257363694,-0.192605802,-0.001809261,-0.136347641,-0.084651519,0.376952723,0.270907801,0.36856683,-0.151742927,-0.414297941,-0.36697518,0.181746511,-0.055745953,0.127039836,0.117239545,0.023468367,0.076968452,0.414848929,0.387575371,0.404863821,0.403956631,0.356589962,0.384079645,-0.097228955,-0.205422739,-0.167106987,0.181627054,0.242066225
OASIS,0.33424271,0.243830976,-0.107971193,-0.046257593,0.092523466,0.021048441,0.020946065,0.068868802,0.108632324,0.048388815,-0.013318951,0.016372633,0.096040677,0.038797217,0.094178185,0.671226374,0.461678455,1,0.243241032,0.284876321,0.162735221,0.051052303,0.057393107,0.289035502,0.284564255,0.226729547,0.25296913,0.252182105,0.252280615,0.105473064,0.159775408,0.085203495,0.323261458,0.054212184,0.215168482,0.114800893,-0.295603788,-0.108287038,0.099783412,-0.25034274,-0.087863966,0.098685453,-0.257926508,-0.095109984,0.027911509,-0.100519512,-0.054085938,0.208263848,0.204418747,0.2214834,-0.174679799,-0.205343468,-0.230008211,0.122291584,0.093307548,0.150963289,0.101912455,0.061164739,0.085583649,0.279771836,0.258012952,0.271255222,0.217922175,0.185866671,0.204576391,-0.077612698,0.005323068,-0.004894973,0.154186536,0.13707611
Sepsis,0.228080047,0.013303905,-0.0258535,-0.104643204,0.052328634,0.005549139,0.012033558,0.077302867,0.199843203,0.043063573,-0.019404873,0.009475898,0.0795593,0.001936618,0.176913058,0.281483161,0.32786402,0.243241032,1,0.315679393,0.160650871,0.086115465,0.131739874,0.304816541,-0.012772154,0.160217059,0.306213194,0.403860582,0.330723462,0.187076804,0.178090431,0.074977378,0.185617604,0.142039607,0.17916062,0.006761563,-0.139035271,-0.107528902,-0.067164576,-0.136270736,-0.140115324,0.01477189,-0.114385276,-0.059544594,0.052091466,0.026413376,0.027953033,0.129231453,0.127860825,0.134158697,-0.177640005,-0.155387205,-0.199671486,0.034483106,0.021057941,0.036614723,0.093807915,0.07150515,0.086461935,0.292348666,0.275505331,0.28647969,0.209679444,0.18483933,0.198753232,-0.153304761,-0.007722195,-0.061231331,0.313173862,0.113581837
Any Organ Failure,0.228197043,0.082192146,-0.052888149,-0.164288982,0.26459062,0.006046097,0.093965806,0.100893077,0.333718655,0.04872633,0.008277008,0.036744277,0.18415742,0.027900801,0.201513017,0.33492828,0.326541586,0.284876321,0.315679393,1,0.149275276,0.060272967,0.097188334,0.226901849,-0.010501797,0.193841652,0.582108807,0.389973823,0.562731216,0.34175454,0.327206208,0.309453461,0.134961905,0.06625806,0.093894124,0.040461764,-0.108169312,-0.030878558,0.02140192,-0.068342579,-0.03326465,0.078297224,-0.084120969,0.00268188,-0.030123688,0.011476374,-0.040080136,0.137670935,0.097348461,0.129803309,-0.19861212,-0.179971838,-0.214052191,0.071705917,0.101268352,0.106323199,0.040637442,0.019872227,0.031378396,0.369229433,0.349919378,0.363437073,0.314900163,0.290747782,0.305867361,-0.164302642,0.050593561,-0.016471215,0.271081442,0.164692097
Severe Respiratory Failure,0.140564093,-0.036029707,0.014457024,-0.045775448,0.022023077,-0.002748527,0.001020943,0.014667564,0.086672391,0.004738803,-0.001448542,-0.005314137,0.032778916,0.002476954,0.082812714,0.234643682,0.376036995,0.162735221,0.160650871,0.149275276,1,0.049089643,0.043735833,0.224698857,0.029439655,0.075815775,0.157324415,0.188962521,0.13475273,0.088536279,0.114578605,0.03515169,0.121030472,0.057885171,0.115684781,0.030171531,-0.133805099,-0.071027677,-0.025799443,-0.149030904,-0.124866291,0.027348164,-0.088797796,-0.025174564,0.050031844,-0.02430212,0.014638355,0.160308047,0.121497539,0.154245947,-0.098222391,-0.244174252,-0.215820257,0.088859615,0.026004494,0.083246041,0.093453067,0.047947167,0.07486206,0.105046506,0.092756907,0.099994335,0.095944736,0.069706879,0.083586903,0.013346885,0.001563273,0.015279961,0.161652274,0.070329914
Severe Coagulation Failure,0.08567704,-0.026586251,-0.011462411,-0.028371387,-0.010250903,-0.013819549,-0.010231068,0.055207284,0.08013197,0.005755393,-0.014720087,-0.011465747,-0.003443989,0.010777953,0.053392987,0.083584908,0.150905974,0.051052303,0.086115465,0.060272967,0.049089643,1,0.032875829,0.055327649,0.006793937,0.037790241,0.070264205,0.071418999,0.070227302,0.087902874,0.058781741,8.75E-05,0.076417404,0.066084612,0.078193574,0.000436383,-0.025042172,-0.011004805,-0.015984534,-0.03561903,-0.03352406,0.012931241,-0.011456167,0.00978891,-0.000479403,-0.029270155,-0.026055287,0.083372826,0.069417839,0.083988073,-0.021328147,-0.063088179,-0.049392088,0.039957583,0.008843478,0.034410991,-0.034599292,-0.052582732,-0.04598601,0.076584895,0.065515781,0.070505669,0.038057432,0.030107781,0.033668999,-0.063362214,-0.072268941,-0.070576897,0.043898106,0.034822924
Severe Liver Failure,0.119675243,-0.055266867,0.007595567,-0.05250854,-0.001970738,-0.016419755,-0.007132043,0.026485833,0.109811335,0.010492196,-0.014190679,-0.013135469,-0.029847497,-0.013575946,0.262383239,0.134695793,0.236139671,0.057393107,0.131739874,0.097188334,0.043735833,0.032875829,1,0.074182317,-0.003802929,0.131499456,0.075693701,0.097036047,0.131782871,0.113892809,0.054777402,0.007385454,0.02712606,0.033328599,0.037950569,-0.008001048,-0.031611944,-0.03551588,-0.036807271,-0.019391091,-0.039864713,-0.000668205,-0.033652699,-0.023654954,-0.058383141,-0.020029957,-0.054289473,0.101938526,0.126584664,0.120514105,-0.04387055,-0.022160025,-0.040085191,-0.024890597,-0.035419883,-0.035129088,0.013973119,0.006633665,0.010764038,0.168339249,0.169215008,0.170547594,0.122157141,0.113637641,0.119715526,-0.067577758,-0.036678722,-0.049226477,0.052530159,0.103826296
Severe Cardiovascular Failure,0.251011821,0.064663847,-0.007524116,-0.060343537,0.039572977,0.009269849,0.016284528,0.038673489,0.128681388,0.023762026,0.016782844,-0.002415783,0.108800071,-0.011246385,0.099156339,0.371903449,0.537549698,0.289035502,0.304816541,0.226901849,0.224698857,0.055327649,0.074182317,1,0.03527449,0.188974769,0.174547524,0.395971734,0.228405628,0.13974246,0.186091907,0.050202247,0.193432457,0.03940998,0.156525785,0.00535867,-0.28042466,-0.203137754,-0.09344593,-0.3434501,-0.288167119,-0.020824662,-0.22972289,-0.133736195,0.007425435,-0.11081908,-0.062495678,0.328734544,0.276565223,0.334704667,-0.191373295,-0.367245926,-0.352429994,0.180647461,0.037801458,0.173921525,0.147961294,0.076148804,0.120201393,0.21525992,0.192653999,0.205409229,0.195204505,0.157413635,0.177453027,-0.018772356,-0.041460656,-0.021501987,0.143047888,0.114366185
Severe Central Nervous System Failure,0.074335342,0.040314908,0.004258786,0.03227817,0.004850306,0.028401241,0.00946333,-0.010336505,0.002084986,-0.016780374,0.018968527,0.010039818,-0.005262923,0.02697296,0.011063016,0.444206124,0.300572531,0.284564255,-0.012772154,-0.010501797,0.029439655,0.006793937,-0.003802929,0.03527449,1,0.011119296,-0.017060564,0.000235413,0.006309515,0.003029429,0.002262953,0.027289081,0.004559952,-0.014711374,0.001632108,0.009490099,-0.036173348,-0.018434791,0.009214415,-0.047401388,-0.01719414,-0.006513392,-0.020353555,-0.012057068,0.002613008,-0.039020099,-0.019113903,0.035665798,0.009694385,0.028297556,0.016568943,-0.02816159,-0.012206098,0.046262366,0.008004615,0.043623233,0.043021304,0.022936728,0.035237407,0.010725884,0.009951937,0.010303078,0.005390212,0.003491159,0.004794657,0.016832994,-0.041922809,-0.023770227,-0.002976235,-0.003081926
Severe Renal Failure,0.193776716,0.013496405,0.006057432,-0.121897704,0.27410178,-0.015047611,0.115941167,0.014514301,0.08661749,0.012923949,0.016897764,0.001230882,0.053337852,-0.013314305,0.123819911,0.299740894,0.357301982,0.226729547,0.160217059,0.193841652,0.075815775,0.037790241,0.131499456,0.188974769,0.011119296,1,0.114049573,0.164767609,0.315451896,0.088778305,0.142468884,0.029904102,0.034393024,-0.019932077,0.026437993,0.002056223,-0.110826343,-0.077986896,-0.022474829,-0.098960014,-0.070227854,-0.012884006,-0.100644632,-0.065282586,-0.100727175,-0.06823622,-0.119734839,0.183594219,0.22463892,0.217355065,-0.187004909,-0.190609538,-0.236778673,0.043468041,0.000691113,0.034887757,0.045769349,0.039908191,0.0443371,0.416886387,0.391503114,0.409407553,0.679180781,0.661933437,0.678190735,-0.109908308,-0.038515977,-0.066247942,0.055084632,0.495717981
Respiratory Dysfunction,0.21701853,0.004501213,-0.072034515,-0.102093864,0.065295681,-0.01334358,0.014965447,0.091757371,0.155953642,0.056135575,-0.05524465,0.01518102,0.11610591,0.021870045,0.149334565,0.229234435,0.212502188,0.25296913,0.306213194,0.582108807,0.157324415,0.070264205,0.075693701,0.174547524,-0.017060564,0.114049573,1,0.270228642,0.27711191,0.133971924,0.185332413,0.123842158,0.142848188,0.089267775,0.112920278,0.044910485,-0.062338988,0.012552645,0.023222708,-0.015212266,-0.000166243,0.110787391,-0.034976827,0.053457376,0.03112691,0.065608061,0.026990469,0.034542902,0.041501877,0.031921121,-0.184660553,-0.101327647,-0.152131214,0.022795826,0.112356593,0.071542682,0.038212215,0.043655744,0.04181367,0.258697869,0.243455769,0.254414384,0.177196155,0.155267915,0.168268615,-0.118812685,0.142539497,0.0570931,0.256338543,0.087070449
Cardiovascular Dysfunction,0.24763481,0.062395979,-0.032843211,-0.076020174,0.061272546,0.014188784,0.017131995,0.054136897,0.18941166,0.026476207,0.001275371,0.009988075,0.123835185,-0.008819623,0.164502777,0.308001504,0.354051968,0.252182105,0.403860582,0.389973823,0.188962521,0.071418999,0.097036047,0.395971734,0.000235413,0.164767609,0.270228642,1,0.300917972,0.192730699,0.211187303,0.074806772,0.146012908,0.068052454,0.12557343,0.003363912,-0.199879101,-0.150058271,-0.12392361,-0.222940598,-0.231623627,0.001426636,-0.147692252,-0.085448791,-0.027482363,-0.058285077,-0.063935038,0.200663547,0.171197861,0.200366861,-0.197484148,-0.245154041,-0.266688003,0.119223457,0.064653362,0.12727889,0.092975734,0.063244735,0.08272455,0.267217507,0.24557779,0.258974506,0.205066134,0.173880242,0.191040811,-0.071185827,0.005501192,-0.013789367,0.197808723,0.114540112
Renal Dysfunction,0.211126088,0.123977148,0.00865098,-0.179109195,0.467719291,0.046222313,0.167192764,0.066469355,0.217986714,0.022580807,0.051274514,0.032390836,0.21450961,0.015020637,0.208422707,0.376332017,0.41125678,0.252280615,0.330723462,0.562731216,0.13475273,0.070227302,0.131782871,0.228405628,0.006309515,0.315451896,0.27711191,0.300917972,1,0.209731466,0.237817321,0.084862894,0.061512532,0.042053502,0.048832585,0.005775103,-0.133295648,-0.102022596,-0.004430729,-0.087509006,-0.060637763,0.000661493,-0.125227407,-0.083496718,-0.064324752,-0.041603099,-0.092481057,0.138522486,0.093236316,0.127723609,-0.177901723,-0.190157004,-0.222667689,0.087994153,0.021561897,0.086435494,0.052652797,0.028537249,0.042272144,0.54655302,0.528689474,0.543191646,0.522438802,0.497765904,0.51557453,-0.202211437,-0.06646834,-0.121714162,0.211201403,0.283802716
Hematologic Dysfunction,0.124937055,0.011663505,-0.006881809,-0.04613187,0.037680054,-0.003615953,-0.002995318,0.05171871,0.825982203,0.012710193,0.016556577,0.010514322,0.048346982,0.016030968,0.240933012,0.171579171,0.281109648,0.105473064,0.187076804,0.34175454,0.088536279,0.087902874,0.113892809,0.13974246,0.003029429,0.088778305,0.133971924,0.192730699,0.209731466,1,0.139216971,0.049390934,0.078278229,0.068051806,0.084693722,0.000300223,-0.055436892,-0.04401167,-0.042498558,-0.06558218,-0.07379586,0.007729228,-0.030609614,-0.005180094,-0.035811884,-0.058600793,-0.061757341,0.153264289,0.113142131,0.150400087,-0.048353514,-0.108640732,-0.10100389,0.043727265,-0.02898648,0.01919544,0.010373951,-0.038085564,-0.012691372,0.158007739,0.148031119,0.154571033,0.115632214,0.097456327,0.107909179,-0.092292535,-0.087726626,-0.092112353,0.125314582,0.085608431
Metabolic Dysfunction,0.150739619,-0.006491225,-0.037871104,-0.062490574,0.073304171,-0.008373015,0.016038905,0.028957194,0.126870884,0.021519261,-0.001618496,0.008120373,0.024126718,-0.014592693,0.127151991,0.194310959,0.219318186,0.159775408,0.178090431,0.327206208,0.114578605,0.058781741,0.054777402,0.186091907,0.002262953,0.142468884,0.185332413,0.211187303,0.237817321,0.139216971,1,0.06081735,0.1032531,0.063690814,0.099343483,0.021623312,-0.095180566,-0.043331275,-0.029320576,-0.089240023,-0.071671672,0.027557128,-0.055302016,-0.006444626,-0.052374096,-0.054864567,-0.077618241,0.196798136,0.143114508,0.189339479,-0.201651977,-0.256207118,-0.285176329,0.07790518,0.009763339,0.065478558,0.054320795,0.023821397,0.042504299,0.18806989,0.169764233,0.180146889,0.186455012,0.156698525,0.172906245,-0.037873649,0.013469003,0.003689511,0.066451415,0.100644372
Neurologic Dysfunction,0.069566105,0.004479389,0.014342759,-0.005351991,0.044799001,0.000946357,0.024499323,0.01238184,0.051953581,-0.00926688,0.005301237,0.019905447,0.025343218,0.050088238,0.051657648,0.070977436,0.048865594,0.085203495,0.074977378,0.309453461,0.03515169,8.75E-05,0.007385454,0.050202247,0.027289081,0.029904102,0.123842158,0.074806772,0.084862894,0.049390934,0.06081735,1,0.029831443,-0.005062799,0.003909433,0.030960392,0.0064465,0.054879329,0.065716107,0.033305112,0.061863072,0.084649261,0.035418963,0.078834934,0.011675275,0.005215537,0.002868319,0.02689044,0.011543988,0.020370698,-0.027252815,-0.024383899,-0.020787651,0.026072496,0.050683475,0.041061275,0.003626325,-0.006209611,0.000523956,0.058566988,0.046093567,0.053625496,0.057453083,0.044238473,0.052184394,0.002304995,0.081628386,0.062863766,0.10413321,0.022213375
Max Heart Rate,0.157900037,-0.200368142,-0.049091414,-0.134316319,-0.060611477,-0.052174104,-0.05211464,0.072549473,0.078927618,0.065006507,-0.070183829,-0.052788665,-0.019679465,-0.026642792,0.086477775,0.157785996,0.160717334,0.323261458,0.185617604,0.134961905,0.121030472,0.076417404,0.02712606,0.193432457,0.004559952,0.034393024,0.142848188,0.146012908,0.061512532,0.078278229,0.1032531,0.029831443,1,0.513569558,0.812425586,0.111466898,-0.075141947,0.084572252,0.063069375,-0.156008222,-0.07900746,0.212604922,-0.009540457,0.187983241,0.230467884,0.093115218,0.198673158,0.19480094,0.15468743,0.192657698,-0.118137418,-0.194004422,-0.185158863,0.089681347,0.053135567,0.093218538,0.11316914,0.067213668,0.094111817,0.016313372,-0.012467057,0.001912811,0.025824723,-0.010442516,0.008063534,0.013030339,0.019868286,0.03708904,0.133962592,0.024185806
Min Heart Rate,-0.021205328,-0.242533069,-0.028603347,-0.103672338,-0.068017923,-0.016919608,-0.020250689,0.056832642,0.07535665,0.056317499,-0.051666697,-0.040343457,-0.019396932,-0.04680644,0.086957424,-0.066340311,0.064754923,0.054212184,0.142039607,0.06625806,0.057885171,0.066084612,0.033328599,0.03940998,-0.014711374,-0.019932077,0.089267775,0.068052454,0.042053502,0.068051806,0.063690814,-0.005062799,0.513569558,1,0.805594468,-0.003351483,0.109040259,0.076992536,-0.107327404,0.033726621,-0.07174188,0.057240906,0.1445807,0.171022934,0.233891942,0.209776252,0.280046558,0.053875953,0.037998006,0.049012892,-0.058686577,-0.060948185,-0.065530946,0.005991106,-0.012280624,-0.004355498,0.056358106,0.036525376,0.048042591,-0.006437653,-0.025134827,-0.016390975,0.002372139,-0.019481997,-0.00946632,-0.015191853,-0.02650055,-0.02116251,0.108891492,0.011003895
Mean Heart Rate,0.104035163,-0.254434154,-0.042817167,-0.124899359,-0.082461136,-0.038117643,-0.040839759,0.065581708,0.083950209,0.067395635,-0.066040674,-0.054208971,-0.03331812,-0.045536913,0.104073768,0.069328924,0.15109028,0.215168482,0.17916062,0.093894124,0.115684781,0.078193574,0.037950569,0.156525785,0.001632108,0.026437993,0.112920278,0.12557343,0.048832585,0.084693722,0.099343483,0.003909433,0.812425586,0.805594468,1,0.050093225,-0.006916575,0.071717118,-0.053827283,-0.109665817,-0.118287533,0.136384215,0.062046325,0.197358948,0.263384098,0.148804562,0.263916426,0.189227082,0.160500187,0.192361576,-0.122670339,-0.188098964,-0.188632073,0.070175781,0.020315528,0.062930407,0.109856073,0.069564912,0.093355758,-3.97E-05,-0.02437847,-0.012660284,0.012429863,-0.020206034,-0.004163133,0.006034173,-0.02710904,-0.004987235,0.115743936,0.018005425
Max MAP,0.026171158,-0.023089121,-0.033538015,0.016800438,-0.007558834,-0.037367424,-0.010029967,0.00055626,-0.005564038,0.004760968,-0.039160675,-0.003218488,-0.029700229,0.031022244,8.45E-05,0.052588098,0.01501955,0.114800893,0.006761563,0.040461764,0.030171531,0.000436383,-0.008001048,0.00535867,0.009490099,0.002056223,0.044910485,0.003363912,0.005775103,0.000300223,0.021623312,0.030960392,0.111466898,-0.003351483,0.050093225,1,0.053985294,0.455784036,0.45571673,0.037747089,0.269250421,0.528341718,0.086048593,0.322566597,0.027965207,-0.016733233,0.006851383,0.040504328,0.002619282,0.027906506,0.018278708,-0.032699475,-0.004337479,0.041992423,0.040844587,0.04992754,-0.002418858,-0.014604077,-0.009359232,0.003552669,-0.008869424,-0.002184529,0.024919624,0.011536685,0.019476093,0.061035045,0.072769628,0.092855514,0.057100323,0.017150012
Min MAP,-0.172329228,-0.181781237,0.059875734,0.000385151,-0.036623399,-0.03963151,-0.026006017,-0.016140673,-0.054926943,-0.016286195,-0.043662523,-0.035667461,-0.085887346,-0.01179884,-0.007628308,-0.359670439,-0.305562754,-0.295603788,-0.139035271,-0.108169312,-0.133805099,-0.025042172,-0.031611944,-0.28042466,-0.036173348,-0.110826343,-0.062338988,-0.199879101,-0.133295648,-0.055436892,-0.095180566,0.0064465,-0.075141947,0.109040259,-0.006916575,0.053985294,1,0.590569589,0.128731894,0.670340012,0.471391989,0.142136213,0.715951585,0.515236076,0.008692896,0.120010186,0.083300658,-0.164860071,-0.147387091,-0.173028214,0.085070913,0.227765236,0.211253859,-0.091709463,0.022636674,-0.063938693,-0.074074219,-0.043562815,-0.063631454,-0.127980094,-0.127322383,-0.128725852,-0.088859564,-0.073672398,-0.08232615,0.099182839,0.178297982,0.164346648,-0.042951709,-0.046196254
Mean MAP,-0.066450063,-0.211342415,0.002629797,-0.002400754,-0.046717056,-0.073087176,-0.044536615,-0.011250265,-0.045661337,-0.013284054,-0.077491871,-0.040125851,-0.108572312,0.036641846,0.012327611,-0.235152701,-0.24295959,-0.108287038,-0.107528902,-0.030878558,-0.071027677,-0.011004805,-0.03551588,-0.203137754,-0.018434791,-0.077986896,0.012552645,-0.150058271,-0.102022596,-0.04401167,-0.043331275,0.054879329,0.084572252,0.076992536,0.071717118,0.455784036,0.590569589,1,0.52950605,0.549110066,0.764030675,0.549245621,0.632088801,0.867333821,0.030538815,0.097571228,0.078007654,-0.069809035,-0.082108941,-0.083038349,0.076567926,0.146366345,0.163827496,-0.028769704,0.096706314,0.017971625,-0.052878913,-0.044858272,-0.05273667,-0.116294623,-0.13083661,-0.123752132,-0.047181542,-0.050782452,-0.048651379,0.154936068,0.266854729,0.271054689,0.02457458,-0.025218267
Max Systolic Pressure,0.010192489,0.087173238,-0.024751489,0.081751528,0.046650287,0.044226021,0.039306185,-0.005510977,-0.044664616,-0.012209539,0.003150399,0.00080272,-0.034556462,0.077836387,-0.035321153,0.023999633,-0.075989508,0.099783412,-0.067164576,0.02140192,-0.025799443,-0.015984534,-0.036807271,-0.09344593,0.009214415,-0.022474829,0.023222708,-0.12392361,-0.004430729,-0.042498558,-0.029320576,0.065716107,0.063069375,-0.107327404,-0.053827283,0.45571673,0.128731894,0.52950605,1,0.239588428,0.700317104,0.515428468,0.090962032,0.327371607,0.079443384,0.035010191,0.075279502,-0.03497378,-0.072188874,-0.054610673,0.08727694,0.061198207,0.095609493,0.042859678,0.080121249,0.077271733,-0.029358415,-0.03165464,-0.03349332,-0.001965543,-0.012134651,-0.00643045,0.032817304,0.027900232,0.031561945,0.015418697,0.082557018,0.082520383,0.054849725,0.013125869
Min Systolic Pressure,-0.157695665,-0.15321602,0.001970207,-0.003458166,0.007187253,-0.004356414,0.001327347,-0.01542233,-0.055611376,-0.026269381,-0.039553017,-0.024309922,-0.073370114,0.028127094,-0.009927602,-0.409953462,-0.342248957,-0.25034274,-0.136270736,-0.068342579,-0.149030904,-0.03561903,-0.019391091,-0.3434501,-0.047401388,-0.098960014,-0.015212266,-0.222940598,-0.087509006,-0.06558218,-0.089240023,0.033305112,-0.156008222,0.033726621,-0.109665817,0.037747089,0.670340012,0.549110066,0.239588428,1,0.695527978,0.105923515,0.580463065,0.407762126,-0.002193752,0.173669943,0.100554227,-0.235787614,-0.190024645,-0.238958948,0.061029594,0.305597682,0.254305457,-0.131091737,0.064970454,-0.073297964,-0.102200828,-0.053477212,-0.083928371,-0.075035243,-0.068337633,-0.071816927,-0.059395668,-0.036798643,-0.048304256,0.018674505,0.211936771,0.151882096,-0.035051588,-0.035272174
Mean Systolic Pressure,-0.071734821,-0.020396334,-0.026734179,0.059232076,0.03550101,0.022790512,0.028889386,-0.021821172,-0.066871663,-0.036181869,-0.017509953,-0.010332718,-0.062878745,0.074230885,-0.029209746,-0.216731927,-0.278540151,-0.087863966,-0.140115324,-0.03326465,-0.124866291,-0.03352406,-0.039864713,-0.288167119,-0.01719414,-0.070227854,-0.000166243,-0.231623627,-0.060637763,-0.07379586,-0.071671672,0.061863072,-0.07900746,-0.07174188,-0.118287533,0.269250421,0.471391989,0.764030675,0.700317104,0.695527978,1,0.34085488,0.397510392,0.512095082,0.038325073,0.135366067,0.106956097,-0.16750412,-0.151682503,-0.176591704,0.091028668,0.24345871,0.228810088,-0.047494485,0.114261019,0.017911551,-0.080804591,-0.046735829,-0.069950957,-0.03983703,-0.041907608,-0.040181523,-0.010642386,0.002899264,-0.003121424,0.01908392,0.202478536,0.16010194,0.006278599,-0.015334702
Max Diastolic Pressure,0.041019948,-0.158650424,-0.016949937,-0.02633421,-0.008984131,-0.062316394,-0.043899452,0.014779294,0.004374471,0.014337032,-0.078215297,-0.005673073,-0.063681862,0.024186447,0.023276162,-0.019151473,-0.058783296,0.098685453,0.01477189,0.078297224,0.027348164,0.012931241,-0.000668205,-0.020824662,-0.006513392,-0.012884006,0.110787391,0.001426636,0.000661493,0.007729228,0.027557128,0.084649261,0.212604922,0.057240906,0.136384215,0.528341718,0.142136213,0.549245621,0.515428468,0.105923515,0.34085488,1,0.233512759,0.620244864,0.02883354,0.040042465,0.029257267,0.007889627,-0.002774754,-0.000242918,-0.035645567,0.001064873,-0.000259515,-0.001605069,0.091446947,0.033944673,-0.006684143,-0.017256647,-0.012851258,-0.02959439,-0.047636165,-0.037978587,0.008616604,-0.006184911,0.001890665,0.114818717,0.226064099,0.223743112,0.057800743,0.001808353
Min Diastolic Pressure,-0.158902384,-0.265681197,0.10948594,0.001608475,-0.054177796,-0.061722487,-0.047065123,-0.009999966,-0.03645153,-0.013508237,-0.053032177,-0.042448052,-0.126191303,-0.001543911,0.025066475,-0.34133382,-0.257363694,-0.257926508,-0.114385276,-0.084120969,-0.088797796,-0.011456167,-0.033652699,-0.22972289,-0.020353555,-0.100644632,-0.034976827,-0.147692252,-0.125227407,-0.030609614,-0.055302016,0.035418963,-0.009540457,0.1445807,0.062046325,0.086048593,0.715951585,0.632088801,0.090962032,0.580463065,0.397510392,0.233512759,1,0.720067829,0.008850593,0.10922968,0.071938408,-0.138573993,-0.134513051,-0.152553785,0.063993787,0.180698443,0.172968695,-0.094121036,0.017106392,-0.072821491,-0.057717605,-0.04223686,-0.053076906,-0.156822233,-0.160179232,-0.159812808,-0.092314611,-0.086801912,-0.090314099,0.163298672,0.219044064,0.220416391,-0.044796134,-0.049657531
Mean Diastolic Pressure,-0.048669796,-0.350747628,0.072981532,-0.041489478,-0.068225445,-0.105169554,-0.076308442,0.003269137,-0.012864527,0.00031306,-0.101965474,-0.046128374,-0.137106047,0.00928902,0.058893984,-0.241221713,-0.192605802,-0.095109984,-0.059544594,0.00268188,-0.025174564,0.00978891,-0.023654954,-0.133736195,-0.012057068,-0.065282586,0.053457376,-0.085448791,-0.083496718,-0.005180094,-0.006444626,0.078834934,0.187983241,0.171022934,0.197358948,0.322566597,0.515236076,0.867333821,0.327371607,0.407762126,0.512095082,0.620244864,0.720067829,1,0.02360759,0.089696223,0.061014118,-0.028643719,-0.038818357,-0.03963662,0.005377713,0.087834746,0.087434048,-0.046678981,0.08298408,-0.007728938,-0.033817365,-0.039505651,-0.03868214,-0.135865317,-0.154457222,-0.145484987,-0.053157198,-0.064624361,-0.058755353,0.214962022,0.320264541,0.328429951,0.013286447,-0.026302553
Max Temperature,-0.062891244,-0.152091884,0.040337903,-0.025006982,-0.066728068,-0.010166742,-0.019405067,-0.03636277,-0.030341101,-0.045652739,-0.025562577,-0.035536634,-0.034365909,0.000371498,-0.034287281,-0.065818645,-0.001809261,0.027911509,0.052091466,-0.030123688,0.050031844,-0.000479403,-0.058383141,0.007425435,0.002613008,-0.100727175,0.03112691,-0.027482363,-0.064324752,-0.035811884,-0.052374096,0.011675275,0.230467884,0.233891942,0.263384098,0.027965207,0.008692896,0.030538815,0.079443384,-0.002193752,0.038325073,0.02883354,0.008850593,0.02360759,1,0.362010925,0.841160072,-0.053712011,-0.093973981,-0.080396817,0.120196681,0.054415646,0.117343599,-0.021496062,-0.035978245,-0.03691157,0.039653124,0.01384316,0.028127147,-0.109975172,-0.129644959,-0.12104253,-0.044937475,-0.065600732,-0.05567984,0.043191422,0.010564882,0.025552105,0.099642145,-0.036535414
Min Temperature,-0.086290362,-0.133051486,0.026895517,-0.01877909,-0.0333188,0.015706014,-0.004209184,0.011707613,-0.042802347,0.004821434,-0.049798577,-0.017323858,-0.00235049,-0.002114015,0.001658446,-0.14458763,-0.136347641,-0.100519512,0.026413376,0.011476374,-0.02430212,-0.029270155,-0.020029957,-0.11081908,-0.039020099,-0.06823622,0.065608061,-0.058285077,-0.041603099,-0.058600793,-0.054864567,0.005215537,0.093115218,0.209776252,0.148804562,-0.016733233,0.120010186,0.097571228,0.035010191,0.173669943,0.135366067,0.040042465,0.10922968,0.089696223,0.362010925,1,0.702966591,-0.198595689,-0.13805558,-0.198373655,-0.011957791,0.209313424,0.14498559,-0.119520949,0.096806305,-0.057769918,0.003633127,0.051540646,0.026947751,-0.05234387,-0.050182552,-0.050427791,-0.030396982,-0.021541034,-0.026041218,-0.003531663,0.193938073,0.126385592,0.046898435,-0.039211738
Mean Temperature,-0.103253783,-0.175809125,0.037872342,-0.02656924,-0.076594062,-0.004938025,-0.02494633,-0.029715943,-0.052899614,-0.03294398,-0.040034606,-0.037361838,-0.032520142,0.000888367,-0.03238153,-0.140247076,-0.084651519,-0.054085938,0.027953033,-0.040080136,0.014638355,-0.026055287,-0.054289473,-0.062495678,-0.019113903,-0.119734839,0.026990469,-0.063935038,-0.092481057,-0.061757341,-0.077618241,0.002868319,0.198673158,0.280046558,0.263916426,0.006851383,0.083300658,0.078007654,0.075279502,0.100554227,0.106956097,0.029257267,0.071938408,0.061014118,0.841160072,0.702966591,1,-0.13846664,-0.138300809,-0.157029301,0.093605994,0.144077137,0.164628579,-0.077244464,0.01433854,-0.061926035,0.028783544,0.038484763,0.033746361,-0.120600255,-0.132282809,-0.127305026,-0.065974743,-0.074578241,-0.070991593,0.045081767,0.102894058,0.087483636,0.092629636,-0.058946707
Max Lactate,0.273943619,-0.048582361,-0.002358241,-0.07087547,-0.016294981,-0.013460934,-0.026547811,0.006349109,0.13780641,0.006084116,0.012675732,-0.03275835,-0.026853545,-0.007991831,0.207850497,0.278521736,0.376952723,0.208263848,0.129231453,0.137670935,0.160308047,0.083372826,0.101938526,0.328734544,0.035665798,0.183594219,0.034542902,0.200663547,0.138522486,0.153264289,0.196798136,0.02689044,0.19480094,0.053875953,0.189227082,0.040504328,-0.164860071,-0.069809035,-0.03497378,-0.235787614,-0.16750412,0.007889627,-0.138573993,-0.028643719,-0.053712011,-0.198595689,-0.13846664,1,0.642212305,0.931020358,-0.107487352,-0.510303346,-0.387297476,0.326276172,0.016445896,0.280926096,0.099165716,-0.00373769,0.051028181,0.085249686,0.056904099,0.071376046,0.140513564,0.090052142,0.115504579,0.096297454,-0.122975283,-0.011300607,0.07132047,0.117204071
Min Lactate,0.318968746,-0.037104027,-0.005440563,-0.076550879,-0.042465894,-0.013896279,-0.03702562,0.0204983,0.10020138,0.026158052,-0.040840716,-0.023689604,-0.040345697,-0.016955581,0.166472391,0.220759029,0.270907801,0.204418747,0.127860825,0.097348461,0.121497539,0.069417839,0.126584664,0.276565223,0.009694385,0.22463892,0.041501877,0.171197861,0.093236316,0.113142131,0.143114508,0.011543988,0.15468743,0.037998006,0.160500187,0.002619282,-0.147387091,-0.082108941,-0.072188874,-0.190024645,-0.151682503,-0.002774754,-0.134513051,-0.038818357,-0.093973981,-0.13805558,-0.138300809,0.642212305,1,0.848620485,-0.210825234,-0.322716191,-0.332396113,0.204605073,0.12945836,0.234288664,0.060003128,0.040175625,0.050808962,0.095889872,0.096487983,0.096938922,0.12419594,0.113247613,0.120280581,0.05086456,0.024082406,0.058155262,0.034443239,0.099808693
Mean Lactate,0.315506214,-0.044175221,-0.006084359,-0.078424042,-0.027202507,-0.015908007,-0.033476552,0.015201213,0.13465046,0.016132188,-0.008402471,-0.031993184,-0.036277284,-0.013807857,0.213734734,0.280421801,0.36856683,0.2214834,0.134158697,0.129803309,0.154245947,0.083988073,0.120514105,0.334704667,0.028297556,0.217355065,0.031921121,0.200366861,0.127723609,0.150400087,0.189339479,0.020370698,0.192657698,0.049012892,0.192361576,0.027906506,-0.173028214,-0.083038349,-0.054610673,-0.238958948,-0.176591704,-0.000242918,-0.152553785,-0.03963662,-0.080396817,-0.198373655,-0.157029301,0.931020358,0.848620485,1,-0.154474594,-0.475970586,-0.39894651,0.307831392,0.064891636,0.291591303,0.090717126,0.01288055,0.054811981,0.095236373,0.076780193,0.086539215,0.143448349,0.10649802,0.125956134,0.082531718,-0.081085342,0.008827178,0.058877687,0.121601246
Max pH,-0.16645113,0.105986408,-0.039470851,0.100052629,-0.039654372,0.013191649,-0.012738546,-0.043506565,-0.051592923,-0.048734688,0.049440889,0.025028439,0.010150656,0.053397829,-0.068987272,-0.133129099,-0.151742927,-0.174679799,-0.177640005,-0.19861212,-0.098222391,-0.021328147,-0.04387055,-0.191373295,0.016568943,-0.187004909,-0.184660553,-0.197484148,-0.177901723,-0.048353514,-0.201651977,-0.027252815,-0.118137418,-0.058686577,-0.122670339,0.018278708,0.085070913,0.076567926,0.08727694,0.061029594,0.091028668,-0.035645567,0.063993787,0.005377713,0.120196681,-0.011957791,0.093605994,-0.107487352,-0.210825234,-0.154474594,1,0.387180377,0.762259884,-0.015888567,-0.160959889,-0.084791396,-0.0673357,-0.075266543,-0.073252583,-0.210203504,-0.214103162,-0.214295417,-0.199345442,-0.198445223,-0.200434295,-0.015173227,-0.228726943,-0.175591586,-0.061909459,-0.043941185
Min pH,-0.183035266,0.052705233,-0.008529126,0.071520851,-0.033194532,0.007914016,-0.016480035,0.004241296,-0.09314005,-0.001994947,-0.021713259,0.027612849,-0.036529069,0.037306989,-0.076573125,-0.292044326,-0.414297941,-0.205343468,-0.155387205,-0.179971838,-0.244174252,-0.063088179,-0.022160025,-0.367245926,-0.02816159,-0.190609538,-0.101327647,-0.245154041,-0.190157004,-0.108640732,-0.256207118,-0.024383899,-0.194004422,-0.060948185,-0.188098964,-0.032699475,0.227765236,0.146366345,0.061198207,0.305597682,0.24345871,0.001064873,0.180698443,0.087834746,0.054415646,0.209313424,0.144077137,-0.510303346,-0.322716191,-0.475970586,0.387180377,1,0.838323665,-0.287590636,0.02706541,-0.216600769,-0.146684441,-0.043446337,-0.101638985,-0.171610315,-0.14507519,-0.159368382,-0.209393083,-0.160749631,-0.186506294,-0.07424015,0.117839738,0.021656421,-0.100640043,-0.102034462
Mean pH,-0.203472815,0.076254659,-0.015005621,0.09319929,-0.04896652,0.007350524,-0.019741009,-0.017358018,-0.090325464,-0.026440286,0.003586947,0.025652477,-0.020271094,0.050886625,-0.086072886,-0.271433653,-0.36697518,-0.230008211,-0.199671486,-0.214052191,-0.215820257,-0.049392088,-0.040085191,-0.352429994,-0.012206098,-0.236778673,-0.152131214,-0.266688003,-0.222667689,-0.10100389,-0.285176329,-0.020787651,-0.185158863,-0.065530946,-0.188632073,-0.004337479,0.211253859,0.163827496,0.095609493,0.254305457,0.228810088,-0.000259515,0.172968695,0.087434048,0.117343599,0.14498559,0.164628579,-0.387297476,-0.332396113,-0.39894651,0.762259884,0.838323665,1,-0.187123734,-0.05394553,-0.176572861,-0.136250574,-0.072872196,-0.111033681,-0.227467712,-0.214203558,-0.222818361,-0.248492559,-0.217968571,-0.235506422,-0.049652068,-0.018970484,-0.057543138,-0.084235126,-0.092983106
Max Glucose,0.111212444,0.071784803,-0.032339969,0.032360398,0.021191471,0.193065558,0.114620825,-0.022078762,0.031148792,-0.032455774,0.016560122,-0.014857551,0.063853243,0.010522881,0.028184714,0.186032323,0.181746511,0.122291584,0.034483106,0.071705917,0.088859615,0.039957583,-0.024890597,0.180647461,0.046262366,0.043468041,0.022795826,0.119223457,0.087994153,0.043727265,0.07790518,0.026072496,0.089681347,0.005991106,0.070175781,0.041992423,-0.091709463,-0.028769704,0.042859678,-0.131091737,-0.047494485,-0.001605069,-0.094121036,-0.046678981,-0.021496062,-0.119520949,-0.077244464,0.326276172,0.204605073,0.307831392,-0.015888567,-0.287590636,-0.187123734,1,0.276634934,0.825625402,0.102045657,0.046674807,0.078850068,0.122817784,0.092212574,0.108481145,0.092360907,0.057567413,0.075091626,0.056928005,-0.090316169,-0.021121055,0.048553703,0.045528893
Min Glucose,0.171207775,0.051272416,-0.038620057,0.002413109,-0.01054259,0.130580912,0.002691885,0.043188168,-0.027463798,0.037227516,-0.050695091,-0.012886358,0.028218667,0.015630223,-0.011326061,0.055817692,-0.055745953,0.093307548,0.021057941,0.101268352,0.026004494,0.008843478,-0.035419883,0.037801458,0.008004615,0.000691113,0.112356593,0.064653362,0.021561897,-0.02898648,0.009763339,0.050683475,0.053135567,-0.012280624,0.020315528,0.040844587,0.022636674,0.096706314,0.080121249,0.064970454,0.114261019,0.091446947,0.017106392,0.08298408,-0.035978245,0.096806305,0.01433854,0.016445896,0.12945836,0.064891636,-0.160959889,0.02706541,-0.05394553,0.276634934,1,0.67428918,0.028089093,0.087100072,0.055384864,0.073391447,0.09412485,0.08452062,-0.011171004,0.007628492,-0.002421241,-0.004271488,0.240706665,0.17177273,0.071025947,-0.040383642
Mean Glucose,0.175116538,0.097163366,-0.043070373,0.031449108,0.01704245,0.238251428,0.106398415,0.004905758,0.010647526,-0.010395573,-0.005931426,-0.015352654,0.075944014,0.015475511,0.019819553,0.183784825,0.127039836,0.150963289,0.036614723,0.106323199,0.083246041,0.034410991,-0.035129088,0.173921525,0.043623233,0.034887757,0.071542682,0.12727889,0.086435494,0.01919544,0.065478558,0.041061275,0.093218538,-0.004355498,0.062930407,0.04992754,-0.063938693,0.017971625,0.077271733,-0.073297964,0.017911551,0.033944673,-0.072821491,-0.007728938,-0.03691157,-0.057769918,-0.061926035,0.280926096,0.234288664,0.291591303,-0.084791396,-0.216600769,-0.176572861,0.825625402,0.67428918,1,0.094817564,0.083054205,0.091741019,0.142082084,0.128789099,0.136894999,0.070515925,0.053269089,0.061851655,0.037925477,0.034587295,0.057191338,0.070981412,0.017283844
Max WBC,0.090833435,-0.02196481,-0.016609544,-0.034022408,0.006809732,-0.005824569,0.004699564,0.049234453,0.007898558,-0.005023678,0.001845031,0.000945781,0.02370123,0.001361602,-0.012867341,0.158561119,0.117239545,0.101912455,0.093807915,0.040637442,0.093453067,-0.034599292,0.013973119,0.147961294,0.043021304,0.045769349,0.038212215,0.092975734,0.052652797,0.010373951,0.054320795,0.003626325,0.11316914,0.056358106,0.109856073,-0.002418858,-0.074074219,-0.052878913,-0.029358415,-0.102200828,-0.080804591,-0.006684143,-0.057717605,-0.033817365,0.039653124,0.003633127,0.028783544,0.099165716,0.060003128,0.090717126,-0.0673357,-0.146684441,-0.136250574,0.102045657,0.028089093,0.094817564,1,0.871235154,0.971959459,0.076532731,0.063770998,0.070998662,0.050980043,0.032622826,0.041892956,0.046576188,-0.009106342,0.018883151,0.046015934,0.032859598
Min WBC,0.10057943,0.020920772,-0.026598765,-0.012486417,-0.000870392,0.004720223,0.002697996,0.056674091,-0.036766507,0.014324212,-0.004580087,0.004259524,0.026220862,-0.000597576,-0.045623337,0.099797653,0.023468367,0.061164739,0.07150515,0.019872227,0.047947167,-0.052582732,0.006633665,0.076148804,0.022936728,0.039908191,0.043655744,0.063244735,0.028537249,-0.038085564,0.023821397,-0.006209611,0.067213668,0.036525376,0.069564912,-0.014604077,-0.043562815,-0.044858272,-0.03165464,-0.053477212,-0.046735829,-0.017256647,-0.04223686,-0.039505651,0.01384316,0.051540646,0.038484763,-0.00373769,0.040175625,0.01288055,-0.075266543,-0.043446337,-0.072872196,0.046674807,0.087100072,0.083054205,0.871235154,1,0.956854924,0.067161263,0.081195261,0.074892587,0.027473294,0.035360681,0.031386023,0.0090848,0.08643351,0.058262668,0.022106556,0.014538473
Mean WBC,0.097197958,-0.000962843,-0.022527952,-0.02328255,0.003067392,3.57E-07,0.004688278,0.052881466,-0.013653834,0.003396463,-0.000764496,0.003166859,0.026943404,0.000151267,-0.02846698,0.136508406,0.076968452,0.085583649,0.086461935,0.031378396,0.07486206,-0.04598601,0.010764038,0.120201393,0.035237407,0.0443371,0.04181367,0.08272455,0.042272144,-0.012691372,0.042504299,0.000523956,0.094111817,0.048042591,0.093355758,-0.009359232,-0.063631454,-0.05273667,-0.03349332,-0.083928371,-0.069950957,-0.012851258,-0.053076906,-0.03868214,0.028127147,0.026947751,0.033746361,0.051028181,0.050808962,0.054811981,-0.073252583,-0.101638985,-0.111033681,0.078850068,0.055384864,0.091741019,0.971959459,0.956854924,1,0.073691325,0.073080976,0.074192249,0.040578235,0.034129724,0.037411583,0.030775462,0.036101614,0.03860634,0.034052542,0.024859805
Max BUN,0.243591716,0.196253296,0.03254,-0.116475647,0.319579887,0.069675025,0.157451538,0.074639612,0.161191391,0.018912067,0.02742112,0.015744594,0.212424017,0.002725277,0.155473123,0.460371184,0.414848929,0.279771836,0.292348666,0.369229433,0.105046506,0.076584895,0.168339249,0.21525992,0.010725884,0.416886387,0.258697869,0.267217507,0.54655302,0.158007739,0.18806989,0.058566988,0.016313372,-0.006437653,-3.97E-05,0.003552669,-0.127980094,-0.116294623,-0.001965543,-0.075035243,-0.03983703,-0.02959439,-0.156822233,-0.135865317,-0.109975172,-0.05234387,-0.120600255,0.085249686,0.095889872,0.095236373,-0.210203504,-0.171610315,-0.227467712,0.122817784,0.073391447,0.142082084,0.076532731,0.067161263,0.073691325,1,0.961463949,0.990431257,0.687060406,0.659154314,0.679657618,-0.231105377,-0.070438066,-0.137351331,0.154805059,0.287912899
Min BUN,0.250048815,0.220913249,0.039533724,-0.104528003,0.325074575,0.080350757,0.157615754,0.076471108,0.152698476,0.025694167,0.030694203,0.018503913,0.224047608,0.001310214,0.139908695,0.439965104,0.387575371,0.258012952,0.275505331,0.349919378,0.092756907,0.065515781,0.169215008,0.192653999,0.009951937,0.391503114,0.243455769,0.24557779,0.528689474,0.148031119,0.169764233,0.046093567,-0.012467057,-0.025134827,-0.02437847,-0.008869424,-0.127322383,-0.13083661,-0.012134651,-0.068337633,-0.041907608,-0.047636165,-0.160179232,-0.154457222,-0.129644959,-0.050182552,-0.132282809,0.056904099,0.096487983,0.076780193,-0.214103162,-0.14507519,-0.214203558,0.092212574,0.09412485,0.128789099,0.063770998,0.081195261,0.073080976,0.961463949,1,0.988779451,0.642280619,0.670117337,0.661598541,-0.257335824,-0.067063362,-0.1512832,0.145663332,0.24691096
Mean BUN,0.248641785,0.209318012,0.036809805,-0.111732168,0.326212262,0.076032152,0.159462626,0.076443113,0.158203449,0.022301855,0.028574184,0.017018714,0.220077368,0.001644731,0.150037527,0.454277574,0.404863821,0.271255222,0.28647969,0.363437073,0.099994335,0.070505669,0.170547594,0.205409229,0.010303078,0.409407553,0.254414384,0.258974506,0.543191646,0.154571033,0.180146889,0.053625496,0.001912811,-0.016390975,-0.012660284,-0.002184529,-0.128725852,-0.123752132,-0.00643045,-0.071816927,-0.040181523,-0.037978587,-0.159812808,-0.145484987,-0.12104253,-0.050427791,-0.127305026,0.071376046,0.096938922,0.086539215,-0.214295417,-0.159368382,-0.222818361,0.108481145,0.08452062,0.136894999,0.070998662,0.074892587,0.074192249,0.990431257,0.988779451,1,0.672862116,0.671984044,0.679489276,-0.246367608,-0.068473678,-0.144853565,0.151186764,0.274022213
Max Creatinine,0.149937371,0.031671895,0.089684789,-0.155304174,0.420165565,0.008911262,0.186819971,0.006138807,0.116722438,-0.013265437,0.024060625,-0.007284509,0.129163555,-0.008620793,0.131320006,0.33932374,0.403956631,0.217922175,0.209679444,0.314900163,0.095944736,0.038057432,0.122157141,0.195204505,0.005390212,0.679180781,0.177196155,0.205066134,0.522438802,0.115632214,0.186455012,0.057453083,0.025824723,0.002372139,0.012429863,0.024919624,-0.088859564,-0.047181542,0.032817304,-0.059395668,-0.010642386,0.008616604,-0.092314611,-0.053157198,-0.044937475,-0.030396982,-0.065974743,0.140513564,0.12419594,0.143448349,-0.199345442,-0.209393083,-0.248492559,0.092360907,-0.011171004,0.070515925,0.050980043,0.027473294,0.040578235,0.687060406,0.642280619,0.672862116,1,0.952761516,0.987773327,-0.143722257,-0.04306305,-0.082759337,0.107406903,0.538622122
Min Creatinine,0.146833916,0.051305568,0.095232647,-0.149831696,0.441630128,0.015493707,0.194269958,0.005030024,0.100606865,-0.013349893,0.027984966,-0.004709586,0.139788769,-0.008221183,0.109017896,0.306807739,0.356589962,0.185866671,0.18483933,0.290747782,0.069706879,0.030107781,0.113637641,0.157413635,0.003491159,0.661933437,0.155267915,0.173880242,0.497765904,0.097456327,0.156698525,0.044238473,-0.010442516,-0.019481997,-0.020206034,0.011536685,-0.073672398,-0.050782452,0.027900232,-0.036798643,0.002899264,-0.006184911,-0.086801912,-0.064624361,-0.065600732,-0.021541034,-0.074578241,0.090052142,0.113247613,0.10649802,-0.198445223,-0.160749631,-0.217968571,0.057567413,0.007628492,0.053269089,0.032622826,0.035360681,0.034129724,0.659154314,0.670117337,0.671984044,0.952761516,1,0.986341958,-0.171448165,-0.0377849,-0.096299557,0.089418061,0.510787679
Mean Creatinine,0.149636551,0.041845091,0.092923984,-0.153988541,0.436557947,0.012269269,0.192244215,0.006248218,0.109574244,-0.013174403,0.026341466,-0.005756399,0.13587772,-0.00829703,0.121346441,0.327111746,0.384079645,0.204576391,0.198753232,0.305867361,0.083586903,0.033668999,0.119715526,0.177453027,0.004794657,0.678190735,0.168268615,0.191040811,0.51557453,0.107909179,0.172906245,0.052184394,0.008063534,-0.00946632,-0.004163133,0.019476093,-0.08232615,-0.048651379,0.031561945,-0.048304256,-0.003121424,0.001890665,-0.090314099,-0.058755353,-0.05567984,-0.026041218,-0.070991593,0.115504579,0.120280581,0.125956134,-0.200434295,-0.186506294,-0.235506422,0.075091626,-0.002421241,0.061851655,0.041892956,0.031386023,0.037411583,0.679657618,0.661598541,0.679489276,0.987773327,0.986341958,1,-0.159166914,-0.040749296,-0.090223034,0.098770013,0.534488333
Max Hemoglobin,-0.07914817,-0.176703985,0.242782913,0.055794945,-0.145274546,-0.058550977,-0.097603281,-0.147119867,-0.140600706,-0.105584886,-0.025359664,-0.071406746,-0.120650843,0.004500738,-0.078912552,-0.160876864,-0.097228955,-0.077612698,-0.153304761,-0.164302642,0.013346885,-0.063362214,-0.067577758,-0.018772356,0.016832994,-0.109908308,-0.118812685,-0.071185827,-0.202211437,-0.092292535,-0.037873649,0.002304995,0.013030339,-0.015191853,0.006034173,0.061035045,0.099182839,0.154936068,0.015418697,0.018674505,0.01908392,0.114818717,0.163298672,0.214962022,0.043191422,-0.003531663,0.045081767,0.096297454,0.05086456,0.082531718,-0.015173227,-0.07424015,-0.049652068,0.056928005,-0.004271488,0.037925477,0.046576188,0.0090848,0.030775462,-0.231105377,-0.257335824,-0.246367608,-0.143722257,-0.171448165,-0.159166914,1,0.568192144,0.814402459,-0.060198602,-0.096923411
Min Hemoglobin,0.061379828,-0.193096289,0.154055245,-0.059846152,-0.080907674,-0.062881785,-0.069299781,-0.035422851,-0.107697426,-0.013671864,-0.099320203,-0.05634923,-0.057272434,0.010296193,-0.029847941,-0.154880109,-0.205422739,0.005323068,-0.007722195,0.050593561,0.001563273,-0.072268941,-0.036678722,-0.041460656,-0.041922809,-0.038515977,0.142539497,0.005501192,-0.06646834,-0.087726626,0.013469003,0.081628386,0.019868286,-0.02650055,-0.02710904,0.072769628,0.178297982,0.266854729,0.082557018,0.211936771,0.202478536,0.226064099,0.219044064,0.320264541,0.010564882,0.193938073,0.102894058,-0.122975283,0.024082406,-0.081085342,-0.228726943,0.117839738,-0.018970484,-0.090316169,0.240706665,0.034587295,-0.009106342,0.08643351,0.036101614,-0.070438066,-0.067063362,-0.068473678,-0.04306305,-0.0377849,-0.040749296,0.568192144,1,0.911453996,0.031085457,-0.048718577
Mean Hemoglobin,0.022317832,-0.212374229,0.188517022,-0.032718341,-0.115966459,-0.071044821,-0.088704043,-0.082121765,-0.12490725,-0.049755096,-0.082084773,-0.067630176,-0.090834497,0.009482967,-0.040275119,-0.1559665,-0.167106987,-0.004894973,-0.061231331,-0.016471215,0.015279961,-0.070576897,-0.049226477,-0.021501987,-0.023770227,-0.066247942,0.0570931,-0.013789367,-0.121714162,-0.092112353,0.003689511,0.062863766,0.03708904,-0.02116251,-0.004987235,0.092855514,0.164346648,0.271054689,0.082520383,0.151882096,0.16010194,0.223743112,0.220416391,0.328429951,0.025552105,0.126385592,0.087483636,-0.011300607,0.058155262,0.008827178,-0.175591586,0.021656421,-0.057543138,-0.021121055,0.17177273,0.057191338,0.018883151,0.058262668,0.03860634,-0.137351331,-0.1512832,-0.144853565,-0.082759337,-0.096299557,-0.090223034,0.814402459,0.911453996,1,0.014088412,-0.070207544
Ventilation Duration (h),0.134885946,-0.01650206,-0.038473004,-0.11314569,0.027997031,-0.013114304,-0.006206833,0.01068581,0.13393396,-0.005364924,-0.004227863,-0.013373033,0.074948801,0.058196632,0.099288244,0.166179744,0.181627054,0.154186536,0.313173862,0.271081442,0.161652274,0.043898106,0.052530159,0.143047888,-0.002976235,0.055084632,0.256338543,0.197808723,0.211201403,0.125314582,0.066451415,0.10413321,0.133962592,0.108891492,0.115743936,0.057100323,-0.042951709,0.02457458,0.054849725,-0.035051588,0.006278599,0.057800743,-0.044796134,0.013286447,0.099642145,0.046898435,0.092629636,0.07132047,0.034443239,0.058877687,-0.061909459,-0.100640043,-0.084235126,0.048553703,0.071025947,0.070981412,0.046015934,0.022106556,0.034052542,0.154805059,0.145663332,0.151186764,0.107406903,0.089418061,0.098770013,-0.060198602,0.031085457,0.014088412,1,0.05783095
RRT,0.082430548,-0.023233313,0.002735308,-0.107178443,0.267160516,-0.010619654,0.123973151,-0.015381049,0.080417021,-0.023483894,0.033217925,0.00643795,0.055569036,-0.011038038,0.109123989,0.177650478,0.242066225,0.13707611,0.113581837,0.164692097,0.070329914,0.034822924,0.103826296,0.114366185,-0.003081926,0.495717981,0.087070449,0.114540112,0.283802716,0.085608431,0.100644372,0.022213375,0.024185806,0.011003895,0.018005425,0.017150012,-0.046196254,-0.025218267,0.013125869,-0.035272174,-0.015334702,0.001808353,-0.049657531,-0.026302553,-0.036535414,-0.039211738,-0.058946707,0.117204071,0.099808693,0.121601246,-0.043941185,-0.102034462,-0.092983106,0.045528893,-0.040383642,0.017283844,0.032859598,0.014538473,0.024859805,0.287912899,0.24691096,0.274022213,0.538622122,0.510787679,0.534488333,-0.096923411,-0.048718577,-0.070207544,0.05783095,1
